term;page;tag;score
ブレーキ;1;KNOWN;0,969234
ブレーキ効果;1;NEW;0,906273
ブレーキ試験方法;1;NEW;0,904484
信号機;1;KNOWN;0,890379
ブレーキ弁ハンドル;1;NEW;0,889208
常用ブレーキ;1;KNOWN;0,857588
切換スイッチ;1;KNOWN;0,840902
列車;1;KNOWN;0,831508
スイッチ;1;NEW;0,809704
パンタグラフ上昇;1;NEW;0,794183
パンタグラフ;1;KNOWN;0,787311
位置;1;NEW;0,771834
運転;1;NEW;0,73918
試験;1;NEW;0,723726
セクション;1;KNOWN;0,710018
ノッチ;1;KNOWN;0,66657
逆転ハンドル;1;KNOWN;0,552207
乗務員;1;KNOWN;0,511113
電車;1;KNOWN;0,475711
組成;1;KNOWN;0,429336
車掌;1;KNOWN;0,425622
逆転;1;KNOWN;0,418552
動力車;1;KNOWN;0,40382
ブレーキ;2;KNOWN;0,969234
自動ブレーキ;2;KNOWN;0,911602
速ブレーキ;2;NEW;0,91057
運転位置;2;KNOWN;0,888804
電気指令式ブレーキ;2;NEW;0,856493
直通ブレーキ;2;KNOWN;0,855202
非常ブレーキ;2;KNOWN;0,833223
直通予備ブレーキ;2;KNOWN;0,80437
位置;2;NEW;0,771834
標識;2;KNOWN;0,74583
運転;2;NEW;0,73918
車両;2;KNOWN;0,697039
架線終端標識;2;KNOWN;0,689131
架線;2;KNOWN;0,536181
乗務員;2;KNOWN;0,511113
電車;2;KNOWN;0,475711
連結;2;KNOWN;0,46645
指令;2;KNOWN;0,438663
解放;2;KNOWN;0,408542
動力車;2;KNOWN;0,40382
ブレーキ;3;KNOWN;0,969234
列車;3;KNOWN;0,831508
モニター装置;3;KNOWN;0,823347
装置;3;NEW;0,785571
運転;3;NEW;0,73918
乗務員;3;KNOWN;0,511113
回送;3;KNOWN;0,477043
電車;3;KNOWN;0,475711
調整;3;KNOWN;0,445949
指令;3;KNOWN;0,438663
動力車;3;KNOWN;0,40382
列車;5;KNOWN;0,831508
スイッチ;5;NEW;0,809704
運転中ウッドセクション;5;NEW;0,792354
パンタグラフ;5;KNOWN;0,787311
セクションゾーン看板;5;NEW;0,739733
セクション;5;KNOWN;0,710018
車両;5;KNOWN;0,697039
ノッチ;5;KNOWN;0,66657
架線;5;KNOWN;0,536181
乗務員;5;KNOWN;0,511113
ゾーン;5;KNOWN;0,509179
電車線;5;KNOWN;0,480944
電車;5;KNOWN;0,475711
屋根;5;KNOWN;0,447618
動作;5;KNOWN;0,413162
動力車;5;KNOWN;0,40382
SIV;5;KNOWN;0,234057
切換スイッチ;6;KNOWN;0,840902
スイッチ;6;NEW;0,809704
交直セクション注意;6;NEW;0,79384
標識;6;KNOWN;0,74583
セクション;6;KNOWN;0,710018
架線;6;KNOWN;0,536181
乗務員;6;KNOWN;0,511113
電車;6;KNOWN;0,475711
動力車;6;KNOWN;0,40382
惰行;6;KNOWN;0,303737
力行;6;KNOWN;0,211991
ブレーキ;7;KNOWN;0,969234
モーター;7;NEW;0,858013
交流モーター搭載;7;NEW;0,82604
位置;7;NEW;0,771834
切位置;7;NEW;0,731185
車両;7;KNOWN;0,697039
電車線路;7;KNOWN;0,669389
ノッチ;7;KNOWN;0,66657
交直流電車;7;KNOWN;0,622206
空転;7;KNOWN;0,60781
線路;7;KNOWN;0,587081
勾配;7;KNOWN;0,512217
乗務員;7;KNOWN;0,511113
電車;7;KNOWN;0,475711
指令;7;KNOWN;0,438663
動作;7;KNOWN;0,413162
動力車;7;KNOWN;0,40382
編成;7;KNOWN;0,393567
力行;7;KNOWN;0,211991
信号機;8;KNOWN;0,890379
出発信号機;8;KNOWN;0,860994
信号;8;KNOWN;0,847586
列車;8;KNOWN;0,831508
位置;8;NEW;0,771834
入換信号機;8;KNOWN;0,757515
所定停止位置;8;NEW;0,732714
切位置;8;NEW;0,731185
ノッチ;8;KNOWN;0,66657
運転士;8;KNOWN;0,553067
逆転ハンドル;8;KNOWN;0,552207
乗務員;8;KNOWN;0,511113
電車;8;KNOWN;0,475711
現示;8;KNOWN;0,466096
指令;8;KNOWN;0,438663
停車;8;KNOWN;0,428357
逆転;8;KNOWN;0,418552
動力車;8;KNOWN;0,40382
信号機;9;KNOWN;0,890379
ATS切換スイッチ;9;NEW;0,868801
信号;9;KNOWN;0,847586
列車;9;KNOWN;0,831508
スイッチ;9;NEW;0,809704
位置;9;NEW;0,771834
運転線路;9;NEW;0,758131
運転;9;NEW;0,73918
ATS-P搭載車;9;NEW;0,724613
ノッチ;9;KNOWN;0,66657
線路;9;KNOWN;0,587081
乗務員;9;KNOWN;0,511113
電車;9;KNOWN;0,475711
ATS;9;KNOWN;0,470081
現示;9;KNOWN;0,466096
逆転;9;KNOWN;0,418552
動作;9;KNOWN;0,413162
動力車;9;KNOWN;0,40382
合図;9;KNOWN;0,402554
時刻表;9;KNOWN;0,365071
ブレーキ;10;KNOWN;0,969234
自動ブレーキ;10;KNOWN;0,911602
信号機;10;KNOWN;0,890379
ブレーキ弁ハンドル;10;NEW;0,889208
ATS切換スイッチ;10;NEW;0,868801
信号;10;KNOWN;0,847586
列車;10;KNOWN;0,831508
スイッチ;10;NEW;0,809704
直通ブレーキ帯;10;NEW;0,809162
位置;10;NEW;0,771834
進路;10;KNOWN;0,743333
運転;10;NEW;0,73918
ATS-P搭載車;10;NEW;0,724613
ノッチ;10;KNOWN;0,66657
防護無線;10;KNOWN;0,547575
乗務員;10;KNOWN;0,511113
電車;10;KNOWN;0,475711
ATS;10;KNOWN;0,470081
現示;10;KNOWN;0,466096
逆転;10;KNOWN;0,418552
動力車;10;KNOWN;0,40382
切換スイッチ;11;KNOWN;0,840902
列車;11;KNOWN;0,831508
スイッチ;11;NEW;0,809704
位置;11;NEW;0,771834
車掌スイッチ;11;KNOWN;0,769766
後位置;11;NEW;0,741963
運転;11;NEW;0,73918
ホーム;11;KNOWN;0,546344
乗務員;11;KNOWN;0,511113
電車;11;KNOWN;0,475711
車掌;11;KNOWN;0,425622
動力車;11;KNOWN;0,40382
ブレーキ;12;KNOWN;0,969234
ブレーキ管減圧量;12;NEW;0,951373
ブレーキ弁ハンドル;12;NEW;0,889208
ブレーキ弁;12;KNOWN;0,888672
運転方向切換スイッチ;12;NEW;0,882736
ATS切換スイッチ;12;NEW;0,868801
システム;12;NEW;0,859798
GPS運転士支援装置;12;NEW;0,831797
スイッチ;12;NEW;0,809704
ータ分析システム;12;NEW;0,786557
装置;12;NEW;0,785571
位置;12;NEW;0,771834
運転;12;NEW;0,73918
運転士;12;KNOWN;0,553067
逆転ハンドル;12;KNOWN;0,552207
乗務員;12;KNOWN;0,511113
減圧;12;KNOWN;0,489645
電車;12;KNOWN;0,475711
ATS;12;KNOWN;0,470081
車種;12;KNOWN;0,4345
逆転;12;KNOWN;0,418552
動力車;12;KNOWN;0,40382
ブレーキ;13;KNOWN;0,969234
ブレーキ弁ハンドル;13;NEW;0,889208
運転方向切換スイッチ;13;NEW;0,882736
ATS切換スイッチ;13;NEW;0,868801
システム;13;NEW;0,859798
直通ブレーキ;13;KNOWN;0,855202
GPS運転士支援装置;13;NEW;0,831797
スイッチ;13;NEW;0,809704
ータ分析システム;13;NEW;0,786557
装置;13;NEW;0,785571
位置;13;NEW;0,771834
運転;13;NEW;0,73918
運転士;13;KNOWN;0,553067
逆転ハンドル;13;KNOWN;0,552207
乗務員;13;KNOWN;0,511113
電車;13;KNOWN;0,475711
ATS;13;KNOWN;0,470081
指令;13;KNOWN;0,438663
車種;13;KNOWN;0,4345
逆転;13;KNOWN;0,418552
動力車;13;KNOWN;0,40382
BC;13;KNOWN;0,343354
ブレーキ;14;KNOWN;0,969234
ブレーキ動作故;14;NEW;0,965556
ブレーキ弁ハンドル;14;NEW;0,889208
運転方向切換スイッチ;14;NEW;0,882736
ATS切換スイッチ;14;NEW;0,868801
ブレーキ作用;14;KNOWN;0,863762
システム;14;NEW;0,859798
切換スイッチ;14;KNOWN;0,840902
GPS運転士支援装置;14;NEW;0,831797
交直切換スイッチ;14;NEW;0,819343
VCB全入スイッチ;14;NEW;0,818918
スイッチ;14;NEW;0,809704
ータ分析システム;14;NEW;0,786557
装置;14;NEW;0,785571
位置;14;NEW;0,771834
車掌スイッチ;14;KNOWN;0,769766
運転;14;NEW;0,73918
スイッチ類;14;NEW;0,72038
運転士;14;KNOWN;0,553067
逆転ハンドル;14;KNOWN;0,552207
乗務員;14;KNOWN;0,511113
電車;14;KNOWN;0,475711
ATS;14;KNOWN;0,470081
車種;14;KNOWN;0,4345
車掌;14;KNOWN;0,425622
逆転;14;KNOWN;0,418552
動作;14;KNOWN;0,413162
動力車;14;KNOWN;0,40382
ブレーキ;15;KNOWN;0,969234
ブレーキ動作故;15;NEW;0,965556
運転方向切換スイッチ;15;NEW;0,882736
ATS切換スイッチ;15;NEW;0,868801
ブレーキ作用;15;KNOWN;0,863762
システム;15;NEW;0,859798
切換スイッチ;15;KNOWN;0,840902
GPS運転士支援装置;15;NEW;0,831797
交直切換スイッチ;15;NEW;0,819343
VCB全入スイッチ;15;NEW;0,818918
スイッチ;15;NEW;0,809704
運転台選択スイッチ;15;KNOWN;0,803735
ータ分析システム;15;NEW;0,786557
装置;15;NEW;0,785571
位置;15;NEW;0,771834
運転;15;NEW;0,73918
スイッチ類;15;NEW;0,72038
運転士;15;KNOWN;0,553067
逆転ハンドル;15;KNOWN;0,552207
乗務員;15;KNOWN;0,511113
電車;15;KNOWN;0,475711
ATS;15;KNOWN;0,470081
指令;15;KNOWN;0,438663
車種;15;KNOWN;0,4345
逆転;15;KNOWN;0,418552
動作;15;KNOWN;0,413162
動力車;15;KNOWN;0,40382
電灯制御スイッチ;17;NEW;0,909241
切換スイッチ;17;KNOWN;0,840902
列車;17;KNOWN;0,831508
スイッチ;17;NEW;0,809704
位置;17;NEW;0,771834
車掌スイッチ;17;KNOWN;0,769766
標識灯電灯制御分離回路;17;NEW;0,768886
標識;17;KNOWN;0,74583
後位置;17;NEW;0,741963
回送列車;17;NEW;0,726381
運転士;17;KNOWN;0,553067
ホーム;17;KNOWN;0,546344
乗務員;17;KNOWN;0,511113
回送;17;KNOWN;0,477043
電車;17;KNOWN;0,475711
車掌;17;KNOWN;0,425622
動力車;17;KNOWN;0,40382
合図;17;KNOWN;0,402554
ブレーキ;18;KNOWN;0,969234
位置;18;NEW;0,771834
車両;18;KNOWN;0,697039
連結器;18;KNOWN;0,656799
乗務員;18;KNOWN;0,511113
電車;18;KNOWN;0,475711
動力車;18;KNOWN;0,40382
ブレーキ;19;KNOWN;0,969234
ブレーキ試験;19;KNOWN;0,947302
ブレーキシリンダ圧力;19;NEW;0,918977
自動ブレーキ;19;KNOWN;0,911602
ブレー;19;NEW;0,905296
ブレーキ試験方法;19;NEW;0,904484
常用ブレーキ位置;19;NEW;0,879148
列車;19;KNOWN;0,831508
位置;19;NEW;0,771834
運転;19;NEW;0,73918
試験;19;NEW;0,723726
車両;19;KNOWN;0,697039
緩め位置;19;KNOWN;0,658773
乗務員;19;KNOWN;0,511113
減圧;19;KNOWN;0,489645
電車;19;KNOWN;0,475711
連結;19;KNOWN;0,46645
指令;19;KNOWN;0,438663
組成;19;KNOWN;0,429336
動力車;19;KNOWN;0,40382
ブレーキ;20;KNOWN;0,969234
列車;20;KNOWN;0,831508
ノッチ;20;KNOWN;0,66657
乗り心地;20;KNOWN;0,644155
乗務員;20;KNOWN;0,511113
減圧;20;KNOWN;0,489645
電車;20;KNOWN;0,475711
指令;20;KNOWN;0,438663
停車;20;KNOWN;0,428357
動力車;20;KNOWN;0,40382
ブレーキ;21;KNOWN;0,969234
ブレーキノッチ;21;NEW;0,967993
基準ブレーキ位置;21;NEW;0,966152
早めにブレーキ;21;NEW;0,960153
試しブレーキ;21;NEW;0,950371
ブレーキ距離;21;KNOWN;0,907248
ブレーキ初速度;21;KNOWN;0,897922
ブレーキ初速;21;NEW;0,877842
列車;21;KNOWN;0,831508
位置;21;NEW;0,771834
運転中最初;21;NEW;0,767988
摩擦係数;21;KNOWN;0,736007
試験;21;NEW;0,723726
瞬間摩擦係数;21;KNOWN;0,706499
ノッチ;21;KNOWN;0,66657
合成制輪子;21;KNOWN;0,517563
乗務員;21;KNOWN;0,511113
減圧;21;KNOWN;0,489645
電車;21;KNOWN;0,475711
摩擦;21;KNOWN;0,454789
制動;21;KNOWN;0,453098
指令;21;KNOWN;0,438663
電柱;21;KNOWN;0,417201
動力車;21;KNOWN;0,40382
ブレーキ;22;KNOWN;0,969234
追加ブレーキ;22;NEW;0,960642
ブレーキ操作は最初;22;NEW;0,948667
ブレーキ操作;22;NEW;0,942746
ブレーキ開始時;22;NEW;0,92391
自動ブレーキ車両;22;NEW;0,913989
自動ブレーキ;22;KNOWN;0,911602
電気ブレーキ;22;KNOWN;0,905555
ブレーキ開始時に直通ブレ;22;NEW;0,876396
電気指令式ブレーキ車両;22;NEW;0,859538
直通ブレーキ;22;KNOWN;0,855202
列車;22;KNOWN;0,831508
直通ブレーキ圧力;22;NEW;0,815107
位置;22;NEW;0,771834
車両;22;KNOWN;0,697039
ノッチ;22;KNOWN;0,66657
逆転ハンドル;22;KNOWN;0,552207
乗務員;22;KNOWN;0,511113
減圧;22;KNOWN;0,489645
電車;22;KNOWN;0,475711
指令;22;KNOWN;0,438663
停車;22;KNOWN;0,428357
逆転;22;KNOWN;0,418552
動力車;22;KNOWN;0,40382
中立;22;KNOWN;0,326174
ブレーキ;23;KNOWN;0,969234
ブレーキノッチ;23;NEW;0,967993
ブレーキ操作;23;NEW;0,942746
ブレーキ表示灯;23;NEW;0,93262
段ブレーキ;23;NEW;0,917946
自動ブレーキ;23;KNOWN;0,911602
ブレーキ力;23;KNOWN;0,877254
非常ブレーキ;23;KNOWN;0,833223
位置;23;NEW;0,771834
運転;23;NEW;0,73918
切位置;23;NEW;0,731185
ノッチ;23;KNOWN;0,66657
乗務員;23;KNOWN;0,511113
減圧;23;KNOWN;0,489645
電車;23;KNOWN;0,475711
指令;23;KNOWN;0,438663
停車;23;KNOWN;0,428357
動力車;23;KNOWN;0,40382
力行;23;KNOWN;0,211991
ブレーキ;24;KNOWN;0,969234
速ブレーキ;24;NEW;0,91057
ブレーキ力;24;KNOWN;0,877254
直通予備ブレーキスイッチ;24;NEW;0,876611
抑速ブレーキ;24;KNOWN;0,860674
常用ブレーキ;24;KNOWN;0,857588
電気指令式ブレーキ;24;NEW;0,856493
直通ブレーキ;24;KNOWN;0,855202
スイッチ;24;NEW;0,809704
直通予備ブレーキ;24;KNOWN;0,80437
均衡速度;24;KNOWN;0,697813
ノッチ;24;KNOWN;0,66657
乗務員;24;KNOWN;0,511113
電車;24;KNOWN;0,475711
指令;24;KNOWN;0,438663
故障;24;KNOWN;0,419002
動力車;24;KNOWN;0,40382
ブレーキ;25;KNOWN;0,969234
ブレーキ手配;25;NEW;0,966177
自動ブレーキ車両;25;NEW;0,913989
非常ブレーキ位置;25;NEW;0,857907
列車;25;KNOWN;0,831508
位置;25;NEW;0,771834
運転;25;NEW;0,73918
車両;25;KNOWN;0,697039
ノッチ;25;KNOWN;0,66657
運転室;25;KNOWN;0,540398
乗務員;25;KNOWN;0,511113
電車;25;KNOWN;0,475711
指令;25;KNOWN;0,438663
動力車;25;KNOWN;0,40382
ブレーキ;26;KNOWN;0,969234
手ブレーキ;26;KNOWN;0,860094
信号;26;KNOWN;0,847586
列車;26;KNOWN;0,831508
標識;26;KNOWN;0,74583
試験;26;NEW;0,723726
車両;26;KNOWN;0,697039
入換標識;26;KNOWN;0,688645
乗務員;26;KNOWN;0,511113
電車;26;KNOWN;0,475711
構内;26;KNOWN;0,450459
通告;26;KNOWN;0,412456
動力車;26;KNOWN;0,40382
ブレーキ;27;KNOWN;0,969234
列車;27;KNOWN;0,831508
停止標識;27;NEW;0,755897
標識;27;KNOWN;0,74583
運転;27;NEW;0,73918
架線終端標識一旦停止標識;27;NEW;0,722689
車両;27;KNOWN;0,697039
架線終端標識;27;KNOWN;0,689131
ノッチ;27;KNOWN;0,66657
架線;27;KNOWN;0,536181
乗務員;27;KNOWN;0,511113
電車;27;KNOWN;0,475711
構内;27;KNOWN;0,450459
動力車;27;KNOWN;0,40382
スイッチ;28;NEW;0,809704
運転;28;NEW;0,73918
車両;28;KNOWN;0,697039
鎖錠;28;KNOWN;0,629572
運転室;28;KNOWN;0,540398
乗務員;28;KNOWN;0,511113
電車;28;KNOWN;0,475711
動力車;28;KNOWN;0,40382
ブレーキ手配非常位置;29;NEW;0,969652
ブレーキ;29;KNOWN;0,969234
ブレーキ手配;29;NEW;0,966177
レール;29;KNOWN;0,953496
ブレーキ整備;29;NEW;0,952417
ブレーキシリンダ圧力;29;NEW;0,918977
自動ブレーキ車;29;NEW;0,885328
手ブレーキ;29;KNOWN;0,860094
位置;29;NEW;0,771834
手ブレーキ緊締箇所;29;NEW;0,750498
運転;29;NEW;0,73918
車両;29;KNOWN;0,697039
車輪踏面;29;KNOWN;0,689119
車輪;29;KNOWN;0,664654
線路;29;KNOWN;0,587081
勾配;29;KNOWN;0,512217
乗務員;29;KNOWN;0,511113
踏面;29;KNOWN;0,508427
減圧;29;KNOWN;0,489645
電車;29;KNOWN;0,475711
指令;29;KNOWN;0,438663
動力車;29;KNOWN;0,40382
編成;29;KNOWN;0,393567
ブレーキ;30;KNOWN;0,969234
列車;30;KNOWN;0,831508
運転;30;NEW;0,73918
車両;30;KNOWN;0,697039
主幹制御器;30;KNOWN;0,674594
連結器;30;KNOWN;0,656799
乗務員;30;KNOWN;0,511113
電車;30;KNOWN;0,475711
停車場;30;KNOWN;0,456249
構内;30;KNOWN;0,450459
動力車;30;KNOWN;0,40382
本線;30;KNOWN;0,384164
ブレーキ;31;KNOWN;0,969234
自動ブレーキ;31;KNOWN;0,911602
空気ブレーキ式車;31;NEW;0,885143
手ブレーキ;31;KNOWN;0,860094
非常ブレーキ;31;KNOWN;0,833223
手ブレーキ使用札;31;NEW;0,815044
位置;31;NEW;0,771834
運転;31;NEW;0,73918
車輪;31;KNOWN;0,664654
タイヤ;31;KNOWN;0,554333
運転室;31;KNOWN;0,540398
乗務員;31;KNOWN;0,511113
パイプ;31;KNOWN;0,499652
電車;31;KNOWN;0,475711
指令;31;KNOWN;0,438663
動力車;31;KNOWN;0,40382
列車;32;KNOWN;0,831508
回送列車;32;NEW;0,726381
車両;32;KNOWN;0,697039
運転士;32;KNOWN;0,553067
ホーム;32;KNOWN;0,546344
乗務員;32;KNOWN;0,511113
回送;32;KNOWN;0,477043
電車;32;KNOWN;0,475711
指令;32;KNOWN;0,438663
動力車;32;KNOWN;0,40382
力行;32;KNOWN;0,211991
列車;33;KNOWN;0,831508
モニター装置;33;KNOWN;0,823347
スイッチ;33;NEW;0,809704
装置;33;NEW;0,785571
位置;33;NEW;0,771834
運転;33;NEW;0,73918
非連位置;33;NEW;0,727919
連動位置;33;NEW;0,726856
試験;33;NEW;0,723726
電車列車;33;KNOWN;0,714005
車両;33;KNOWN;0,697039
鎖錠;33;KNOWN;0,629572
乗務員;33;KNOWN;0,511113
電車;33;KNOWN;0,475711
連結;33;KNOWN;0,46645
調整;33;KNOWN;0,445949
貫通扉;33;KNOWN;0,429136
逆転;33;KNOWN;0,418552
解放;33;KNOWN;0,408542
動力車;33;KNOWN;0,40382
編成;33;KNOWN;0,393567
連動;33;KNOWN;0,388862
端部;33;KNOWN;0,281582
ブレーキ装置;34;KNOWN;0,977526
ブレーキ;34;KNOWN;0,969234
ブレーキア;34;NEW;0,946704
自動ブレーキ;34;KNOWN;0,911602
手ブレーキ;34;KNOWN;0,860094
交直切換装置;34;NEW;0,847099
直通ブレーキ表示灯;34;NEW;0,81906
スイッチ;34;NEW;0,809704
電気指令式ブレーキア;34;NEW;0,79691
パンタグラフ;34;KNOWN;0,787311
装置;34;NEW;0,785571
直通ブレーキア;34;NEW;0,784538
位置;34;NEW;0,771834
ユルメ位置;34;NEW;0,72625
試験;34;NEW;0,723726
ノッチ;34;KNOWN;0,66657
乗務員;34;KNOWN;0,511113
電車;34;KNOWN;0,475711
ATS;34;KNOWN;0,470081
制動;34;KNOWN;0,453098
指令;34;KNOWN;0,438663
動力車;34;KNOWN;0,40382
搭載用品信号旗;35;NEW;0,912096
信号旗;35;NEW;0,872637
軌道短絡器;35;KNOWN;0,849389
信号;35;KNOWN;0,847586
軌道;35;KNOWN;0,806294
運転;35;NEW;0,73918
ディスコン棒;35;NEW;0,737381
乗務員室;35;KNOWN;0,574645
運転士;35;KNOWN;0,553067
運転室;35;KNOWN;0,540398
客室;35;KNOWN;0,538132
乗務員;35;KNOWN;0,511113
電車;35;KNOWN;0,475711
短絡;35;KNOWN;0,433987
動力車;35;KNOWN;0,40382
ブレーキ;36;KNOWN;0,969234
ブレーキシリンダー圧力で確認;36;NEW;0,93141
無線機スイッチ;36;NEW;0,870568
信号;36;KNOWN;0,847586
ジメ保安スイッチ;36;NEW;0,83502
海側とも確認戸ジメ保安スイッチ;36;NEW;0,831249
保安スイッチ;36;NEW;0,828985
運転台スイッチ類貫通扉確認;36;NEW;0,811104
スイッチ;36;NEW;0,809704
パンタグラフ上昇;36;NEW;0,794183
パンタグラフ;36;KNOWN;0,787311
位置;36;NEW;0,771834
車掌スイッチ;36;KNOWN;0,769766
シリンダー;36;KNOWN;0,764167
シリンダー圧力;36;NEW;0,753512
チャンネル;36;NEW;0,747552
運転;36;NEW;0,73918
試験;36;NEW;0,723726
車両;36;KNOWN;0,697039
鎖錠;36;KNOWN;0,629572
ゲージ;36;KNOWN;0,554361
客室;36;KNOWN;0,538132
乗務員;36;KNOWN;0,511113
電車;36;KNOWN;0,475711
ATS;36;KNOWN;0,470081
定位;36;KNOWN;0,444772
蓄電池;36;KNOWN;0,429354
車掌;36;KNOWN;0,425622
故障;36;KNOWN;0,419002
動作;36;KNOWN;0,413162
動力車;36;KNOWN;0,40382
忍錠;36;KNOWN;0,394461
連動;36;KNOWN;0,388862
BC;36;KNOWN;0,343354
ブレーキ;37;KNOWN;0,969234
ブレーキ札;37;NEW;0,961925
ブレーキ動作状態確認;37;NEW;0,955598
ブレーキ緩解手ブレーキ;37;NEW;0,954503
ブレーキ動作故障各表示灯確認;37;NEW;0,947726
ブレーキ動作;37;NEW;0,941324
ブレーキシリンダー圧力で確認;37;NEW;0,93141
パンタグラフ起伏試験;37;NEW;0,926239
自動ブレーキ試験;37;NEW;0,917969
気笛試験;37;NEW;0,908806
ブレーキ弁ハンドル抜取り;37;NEW;0,888916
直通ブレーキ試験;37;NEW;0,878612
ATS動作試験切換スイッチ;37;NEW;0,877045
ATS切換スイッチ;37;NEW;0,868801
後位置切換スイッチ;37;NEW;0,861213
手ブレーキ;37;KNOWN;0,860094
手歯止手ブレーキ札;37;NEW;0,859375
切位置切換スイッチ;37;NEW;0,857379
信号;37;KNOWN;0,847586
切換スイッチ;37;KNOWN;0,840902
スイッチ;37;NEW;0,809704
各車ストローク確認;37;NEW;0,791707
パンタグラフ;37;KNOWN;0,787311
ジメ保安スイッチスイッチ整備;37;NEW;0,786977
各車ストローク;37;NEW;0,771863
位置;37;NEW;0,771834
シリンダー;37;KNOWN;0,764167
所定位置;37;NEW;0,75881
シリンダー圧力;37;NEW;0,753512
チャンネル;37;NEW;0,747552
運転台変更;37;NEW;0,740749
運転;37;NEW;0,73918
ストローク;37;KNOWN;0,7254
試験;37;NEW;0,723726
車両;37;KNOWN;0,697039
階段緩め;37;KNOWN;0,527757
乗務員;37;KNOWN;0,511113
減圧;37;KNOWN;0,489645
電車;37;KNOWN;0,475711
ATS;37;KNOWN;0,470081
定位;37;KNOWN;0,444772
車掌;37;KNOWN;0,425622
故障;37;KNOWN;0,419002
動作;37;KNOWN;0,413162
動力車;37;KNOWN;0,40382
連動;37;KNOWN;0,388862
BC;37;KNOWN;0,343354
ブレーキ;38;KNOWN;0,969234
ブレーキ動作状態確認;38;NEW;0,955598
ブレーキ動作;38;NEW;0,941324
ブレーキシリンダー圧力で確認;38;NEW;0,93141
ブレーキ弁ハンドル抜取り;38;NEW;0,888916
弁ハンドル挿入直通ブレーキ;38;NEW;0,880021
直通ブレーキ試験;38;NEW;0,878612
ATS切換スイッチ;38;NEW;0,868801
後位置切換スイッチ;38;NEW;0,861213
切位置切換スイッチ;38;NEW;0,857379
切換スイッチ;38;KNOWN;0,840902
列車;38;KNOWN;0,831508
ATS動作試験;38;NEW;0,817507
スイッチ;38;NEW;0,809704
位置;38;NEW;0,771834
シリンダー;38;KNOWN;0,764167
所定位置;38;NEW;0,75881
シリンダー圧力;38;NEW;0,753512
運転;38;NEW;0,73918
ストローク;38;KNOWN;0,7254
試験;38;NEW;0,723726
車両;38;KNOWN;0,697039
運賃;38;KNOWN;0,529599
階段緩め;38;KNOWN;0,527757
乗務員;38;KNOWN;0,511113
減圧;38;KNOWN;0,489645
電車;38;KNOWN;0,475711
ATS;38;KNOWN;0,470081
出区点検;38;KNOWN;0,460401
定位;38;KNOWN;0,444772
故障;38;KNOWN;0,419002
動作;38;KNOWN;0,413162
動力車;38;KNOWN;0,40382
BC;38;KNOWN;0,343354
無線機スイッチ;39;NEW;0,870568
赤表示灯で確認無線機スイッチ;39;NEW;0,864662
信号;39;KNOWN;0,847586
運転台スイッチ類戸;39;NEW;0,845758
スイッチ;39;NEW;0,809704
パンタグラフ上昇;39;NEW;0,794183
パンタグラフ;39;KNOWN;0,787311
装置;39;NEW;0,785571
蓄電池スイッチ;39;NEW;0,78201
パンタグラフ上昇全パン上昇;39;NEW;0,772205
位置;39;NEW;0,771834
チャンネル;39;NEW;0,747552
運転;39;NEW;0,73918
試験;39;NEW;0,723726
車両;39;KNOWN;0,697039
鎖錠;39;KNOWN;0,629572
MR;39;KNOWN;0,589064
ゲージ;39;KNOWN;0,554361
客室;39;KNOWN;0,538132
乗務員;39;KNOWN;0,511113
電車;39;KNOWN;0,475711
ATS;39;KNOWN;0,470081
屋根;39;KNOWN;0,447618
定位;39;KNOWN;0,444772
指令;39;KNOWN;0,438663
蓄電池;39;KNOWN;0,429354
車掌;39;KNOWN;0,425622
故障;39;KNOWN;0,419002
動作;39;KNOWN;0,413162
動力車;39;KNOWN;0,40382
忍錠;39;KNOWN;0,394461
連動;39;KNOWN;0,388862
SIV;39;KNOWN;0,234057
ブレーキ;40;KNOWN;0,969234
ブレーキ動作一台車ごとに確認;40;NEW;0,963084
ブレーキ動作状態確認;40;NEW;0,955598
ブレーキ動作故障各表示灯確認;40;NEW;0,947726
ブレーキ試験;40;KNOWN;0,947302
ブレーキ動作;40;NEW;0,941324
パンタグラフ起伏試験;40;NEW;0,926239
気笛試験;40;NEW;0,908806
無線機スイッチ;40;NEW;0,870568
ATS切換スイッチ;40;NEW;0,868801
常用ブレーキ;40;KNOWN;0,857588
切換スイッチ;40;KNOWN;0,840902
非常ブレーキ;40;KNOWN;0,833223
ATS動作試験;40;NEW;0,817507
スイッチ;40;NEW;0,809704
運転台選択スイッチ;40;KNOWN;0,803735
後位置運転台選択スイッチ;40;NEW;0,792217
パンタグラフ;40;KNOWN;0,787311
位置;40;NEW;0,771834
所定位置;40;NEW;0,75881
チャンネル;40;NEW;0,747552
前位置;40;NEW;0,743387
運転台変更;40;NEW;0,740749
運転;40;NEW;0,73918
ユルメ位置;40;NEW;0,72625
試験;40;NEW;0,723726
パイロット;40;NEW;0,722384
車両;40;KNOWN;0,697039
ノッチ;40;KNOWN;0,66657
MR;40;KNOWN;0,589064
解錠;40;KNOWN;0,586408
乗務員;40;KNOWN;0,511113
電車;40;KNOWN;0,475711
ATS;40;KNOWN;0,470081
定位;40;KNOWN;0,444772
故障;40;KNOWN;0,419002
動作;40;KNOWN;0,413162
動力車;40;KNOWN;0,40382
BC;40;KNOWN;0,343354
ブレーキ;41;KNOWN;0,969234
ブレーキ試験;41;KNOWN;0,947302
ATS切換スイッチ;41;NEW;0,868801
切換スイッチ;41;KNOWN;0,840902
非常ブレーキ;41;KNOWN;0,833223
列車;41;KNOWN;0,831508
スイッチ;41;NEW;0,809704
運転台選択スイッチ;41;KNOWN;0,803735
後位置運転台選択スイッチ;41;NEW;0,792217
位置;41;NEW;0,771834
所定位置;41;NEW;0,75881
運転台変更;41;NEW;0,740749
運転;41;NEW;0,73918
ユルメ位置;41;NEW;0,72625
試験;41;NEW;0,723726
ノッチ;41;KNOWN;0,66657
運賃;41;KNOWN;0,529599
乗務員;41;KNOWN;0,511113
電車;41;KNOWN;0,475711
ATS;41;KNOWN;0,470081
出区点検;41;KNOWN;0,460401
動作;41;KNOWN;0,413162
動力車;41;KNOWN;0,40382
BC;41;KNOWN;0,343354
ブレーキ;42;KNOWN;0,969234
無線機スイッチ;42;NEW;0,870568
常用ブレーキ;42;KNOWN;0,857588
信号;42;KNOWN;0,847586
運転台スイッチ類戸;42;NEW;0,845758
非常ブレーキ;42;KNOWN;0,833223
交側確認交直切換スイッチ;42;NEW;0,827908
パンタグラフ降下確認;42;NEW;0,819414
交直切換スイッチ;42;NEW;0,819343
VCBスイッチ;42;NEW;0,818918
スイッチ;42;NEW;0,809704
運転台選択スイッチ;42;KNOWN;0,803735
パンタグラフ上昇;42;NEW;0,794183
パンタグラフ;42;KNOWN;0,787311
装置;42;NEW;0,785571
位置;42;NEW;0,771834
チャンネル;42;NEW;0,747552
運転;42;NEW;0,73918
ユルメ位置;42;NEW;0,72625
試験;42;NEW;0,723726
車両;42;KNOWN;0,697039
ノッチ;42;KNOWN;0,66657
鎖錠;42;KNOWN;0,629572
MR;42;KNOWN;0,589064
ゲージ;42;KNOWN;0,554361
乗務員;42;KNOWN;0,511113
電車;42;KNOWN;0,475711
ATS;42;KNOWN;0,470081
屋根;42;KNOWN;0,447618
定位;42;KNOWN;0,444772
指令;42;KNOWN;0,438663
蓄電池;42;KNOWN;0,429354
故障;42;KNOWN;0,419002
動作;42;KNOWN;0,413162
動力車;42;KNOWN;0,40382
忍錠;42;KNOWN;0,394461
連動;42;KNOWN;0,388862
BC;42;KNOWN;0,343354
SIV;42;KNOWN;0,234057
ブレーキ;43;KNOWN;0,969234
ブレーキ動作状態確認;43;NEW;0,955598
ブレーキ動作故障各表示灯確認;43;NEW;0,947726
ブレーキ緊締状態確認;43;NEW;0,947358
ブレーキ動作;43;NEW;0,941324
気笛試験;43;NEW;0,908806
無線機スイッチ;43;NEW;0,870568
ATS切換スイッチ;43;NEW;0,868801
運転台スイッチ類;43;NEW;0,849149
信号;43;KNOWN;0,847586
モニター確認無線機スイッチ;43;NEW;0,840903
切換スイッチ;43;KNOWN;0,840902
交直切換スイッチ;43;NEW;0,819343
VCBスイッチ;43;NEW;0,818918
ATS動作試験;43;NEW;0,817507
スイッチ;43;NEW;0,809704
運転台選択スイッチ;43;KNOWN;0,803735
後位置運転台選択スイッチ;43;NEW;0,792217
前位置運転台選択スイッチ;43;NEW;0,792165
海側とも確認運転台選択スイッチ;43;NEW;0,786665
位置;43;NEW;0,771834
車掌スイッチ;43;KNOWN;0,769766
降車して確認運転台選択スイッチ;43;NEW;0,764803
所定位置;43;NEW;0,75881
チャンネル;43;NEW;0,747552
後位置;43;NEW;0,741963
運転;43;NEW;0,73918
試験;43;NEW;0,723726
パイロット;43;NEW;0,722384
車両;43;KNOWN;0,697039
鎖錠;43;KNOWN;0,629572
MR;43;KNOWN;0,589064
解錠;43;KNOWN;0,586408
逆転ハンドル;43;KNOWN;0,552207
客室;43;KNOWN;0,538132
乗務員;43;KNOWN;0,511113
電車;43;KNOWN;0,475711
ATS;43;KNOWN;0,470081
定位;43;KNOWN;0,444772
車掌;43;KNOWN;0,425622
故障;43;KNOWN;0,419002
逆転;43;KNOWN;0,418552
動作;43;KNOWN;0,413162
動力車;43;KNOWN;0,40382
忍錠;43;KNOWN;0,394461
連動;43;KNOWN;0,388862
BC;43;KNOWN;0,343354
ブレーキ;44;KNOWN;0,969234
ブレーキ動作状態確認;44;NEW;0,955598
ブレーキ試験常用ブレーキ;44;NEW;0,953397
ブレーキ動作;44;NEW;0,941324
ATS切換スイッチ;44;NEW;0,868801
切換スイッチ;44;KNOWN;0,840902
非常ブレーキ;44;KNOWN;0,833223
列車;44;KNOWN;0,831508
ATS動作試験;44;NEW;0,817507
スイッチ;44;NEW;0,809704
確認交直切換スイッチ;44;NEW;0,804325
運転台選択スイッチ;44;KNOWN;0,803735
後位置運転台選択スイッチ;44;NEW;0,792217
位置;44;NEW;0,771834
所定位置;44;NEW;0,75881
前位置;44;NEW;0,743387
運転;44;NEW;0,73918
ユルメ位置;44;NEW;0,72625
試験;44;NEW;0,723726
パイロット;44;NEW;0,722384
ノッチ;44;KNOWN;0,66657
解錠;44;KNOWN;0,586408
運賃;44;KNOWN;0,529599
乗務員;44;KNOWN;0,511113
電車;44;KNOWN;0,475711
ATS;44;KNOWN;0,470081
出区点検;44;KNOWN;0,460401
故障;44;KNOWN;0,419002
動作;44;KNOWN;0,413162
動力車;44;KNOWN;0,40382
BC;44;KNOWN;0,343354
乗務員;45;KNOWN;0,511113
電車;45;KNOWN;0,475711
動力車;45;KNOWN;0,40382
